lambda0,lambda1,mu0,mu1,q01,q10,L
0.03776491,0.03881011,6.542256e-06,4.199473e-07,0.001180185,0.001060784,-17446.8
0.03776491,0.03881011,6.542256e-06,4.199473e-07,0.001180185,0.001060784,-17446.8
0.05757173,0.06114048,5.991941e-06,2.116019e-05,0.001187373,0.001032265,-17122.12
0.04154648,0.04812405,1.816718e-06,5.509112e-07,0.0005644166,0.002615231,-18249.75
0.04017416,0.0455134,4.963051e-08,1.746383e-06,0.00055676,0.002424241,-18395.74
0.04038115,0.04591538,8.100446e-06,4.996219e-05,0.0005435778,0.002538725,-18373.58
0.04025197,0.04562714,4.256302e-06,6.844423e-08,0.0005555295,0.00244748,-18389.01
0.04023628,0.04561797,3.689047e-08,4.829313e-08,0.0005502173,0.002450812,-18390.71
